Var,Domain,Labels,Type,VariableName,SEQ,SEND_3_1,SEND_3_1_1,DART1_1,DART1_2
sj.STUDYID,sj,Study Identifier,Variable,STUDYID,1,,,Y,
sj.DOMAIN,sj,Domain Abbreviation,Variable,DOMAIN,2,,,Y,
sj.USUBJID,sj,Unique Subject Identifier,Variable,USUBJID,3,,,Y,
sj.SJSEQ,sj,Sequence Number,Variable,SJSEQ,4,,,Y,
sj.RSTGCD,sj,Repro Stage Code,Variable,RSTGCD,5,,,Y,
sj.RSTAGE,sj,Description of Repro Stage,Variable,RSTAGE,6,,,Y,
sj.SJSTDTC,sj,Start Date/Time of Repro Stage,Variable,SJSTDTC,7,,,Y,
sj.SJENDTC,sj,End Date/Time of Repro Stage,Variable,SJENDTC,8,,,Y,
sj.RPHASE,sj,Repro Phase,Variable,RPHASE,9,,,Y,
sj.SJUPDES,sj,Description of Unplanned Repro Stage,Variable,SJUPDES,10,,,Y,
ic.STUDYID,ic,Study Identifier,Variable,STUDYID,1,,,Y,
ic.DOMAIN,ic,Domain Abbreviation,Variable,DOMAIN,2,,,Y,
ic.USUBJID,ic,Unique Subject Identifier,Variable,USUBJID,3,,,Y,
ic.FETUSID,ic,Unique Fetus Identifier,Variable,FETUSID,4,,,Y,
ic.ICSEQ,ic,Sequence Number,Variable,ICSEQ,5,,,Y,
ic.ICTESTCD,ic,Test Short Name,Variable,ICTESTCD,6,,,Y,
ic.ICTESTCD,ic,Implantation Exam Name,Variable,ICTESTCD,7,,,Y,
ic.ICORRES,ic,Result or Findings as Collected,Variable,ICORRES,8,,,Y,
ic.ICSTRESC,ic,Standardized Results in Character Format,Variable,ICSTRESC,9,,,Y,
ic.ICIMPLBL,ic,Implantation Site Label,Variable,ICIMPLBL,10,,,Y,
ic.ICRESCAT,ic,Result Category,Variable,ICRESCAT,11,,,Y,
ic.ICRESLOC,ic,Result Location of Finding,Variable,ICRESLOC,12,,,Y,
ic.ICSTAT,ic,Completion Status,Variable,ICSTAT,13,,,Y,
ic.ICREASND,ic,Reason Not Done,Variable,ICREASND,14,,,Y,
ic.ICSPEC,ic,Specimen Material Type,Variable,ICSPEC,15,,,Y,
ic.RPHASE,ic,Repro Phase,Variable,RPHASE,16,,,Y,
ic.RPPLDY,ic,Planned Repro Phase Day of Observation,Variable,RPPLDY,17,,,Y,
ic.ICDTC,ic,Date/Time,Variable,ICDTC,18,,,Y,
ic.ICDY,ic,Study Day,Variable,ICDY,19,,,Y,
ic.ICRPDY,ic,Actual Repro Phase Day of Observation,Variable,ICRPDY,20,,,Y,
py.STUDYID,py,Study Identifier,Variable,STUDYID,1,,,Y,
py.DOMAIN,py,Domain Abbreviation,Variable,DOMAIN,2,,,Y,
py.USUBJID,py,Unique Subject Identifier,Variable,USUBJID,3,,,Y,
py.PYSEQ,py,Sequence Number,Variable,PYSEQ,4,,,Y,
py.PYTESTCD,py,Test Short Name,Variable,PYTESTCD,5,,,Y,
py.PYTEST,py,Pregnancy Result Test Name,Variable,PYTEST,6,,,Y,
py.PYORRES,py,Result or Findings as Collected,Variable,PYORRES,7,,,Y,
py.PYORRESU,py,Unit of the Original Result,Variable,PYORRESU,8,,,Y,
py.PYSTRESC,py,Standardized Results in Character Format,Variable,PYSTRESC,9,,,Y,
py.PYSTRESN,py,Standardized Results in Numeric Format,Variable,PYSTRESN,10,,,Y,
py.PYSTRESU,py,Unit of the Standardized Result,Variable,PYSTRESU,11,,,Y,
py.PYRESCAT,py,Result Category,Variable,PYRESCAT,12,,,Y,
py.PYRESLOC,py,Result Location of Finding,Variable,PYRESLOC,13,,,Y,
py.PYSTAT,py,Completion Status,Variable,PYSTAT,14,,,Y,
py.PYREASND,py,Reason Not Done,Variable,PYREASND,15,,,Y,
py.PYMETHOD,py,Method of Test or Examination,Variable,PYMETHOD,16,,,Y,
py.PYEXCLFL,py,Exclusion Flag,Variable,PYEXCLFL,17,,,Y,
py.PYREASEX,py,Reason for Exclusion,Variable,PYREASEX,18,,,Y,
py.RPHASE,py,Repro Phase,Variable,RPHASE,19,,,Y,
py.RPPLDY,py,Planned Repro Phase Day,Variable,RPPLDY,20,,,Y,
py.PYDTC,py,Date/Time,Variable,PYDTC,21,,,Y,
py.PYDY,py,Study Day,Variable,PYDY,22,,,Y,
py.PYRPDY,py,Actual Repro Phase Day,Variable,PYRPDY,23,,,Y,
fm.STUDYID,fm,Study Identifier,Variable,STUDYID,1,,,Y,
fm.DOMAIN,fm,Domain Abbreviation,Variable,DOMAIN,2,,,Y,
fm.USUBJID,fm,Unique Subject Identifier,Variable,USUBJID,3,,,Y,
fm.FETUSID,fm,Unique Fetus Identifier,Variable,FETUSID,4,,,Y,
fm.FMSEQ,fm,Sequence Number,Variable,FMSEQ,5,,,Y,
fm.FMGRPID,fm,Group Identifier,Variable,FMGRPID,6,,,Y,
fm.FMTESTCD,fm,Test Short Name,Variable,FMTESTCD,7,,,Y,
fm.FMTEST,fm,Fetal Measurement Name,Variable,FMTEST,8,,,Y,
fm.FMORRES,fm,Result or Findings as Collected,Variable,FMORRES,9,,,Y,
fm.FMORRESU,fm,Unit of the Original Result,Variable,FMORRESU,10,,,Y,
fm.FMSTRESC,fm,Standardized Results in Character Format,Variable,FMSTRESC,11,,,Y,
fm.FMSTRESN,fm,Standardized Results in Numeric Format,Variable,FMSTRESN,12,,,Y,
fm.FMSTRESU,fm,Unit of the Standardized Result,Variable,FMSTRESU,13,,,Y,
fm.FMSTAT,fm,Completion Status,Variable,FMSTAT,14,,,Y,
fm.FMREASND,fm,Reason Not Done,Variable,FMREASND,15,,,Y,
fm.FMANTREG,fm,Anatomical Region,Variable,FMANTREG,16,,,Y,
fm.FMLOC,fm,Location Used for the Measurement,Variable,FMLOC,17,,,Y,
fm.FMLAT,fm,Laterality,Variable,FMLAT,18,,,Y,
fm.FMEXCLFL,fm,Exclusion Flag,Variable,FMEXCLFL,19,,,Y,
fm.FMREASEX,fm,Reason for Exclusion,Variable,FMREASEX,20,,,Y,
fm.RPHASE,fm,Repro Phase,Variable,RPHASE,21,,,Y,
fm.RPPLDY,fm,Planned Repro Phase Day,Variable,RPPLDY,22,,,Y,
fm.FMDTC,fm,Date/Time,Variable,FMDTC,23,,,Y,
fm.FMDY,fm,Study Day,Variable,FMDY,24,,,Y,
fm.FMRPDY,fm,Actual Repro Phase Day,Variable,FMRPDY,25,,,Y,
fx.STUDYID,fx,Study Identifier,Variable,STUDYID,1,,,Y,
fx.DOMAIN,fx,Domain Abbreviation,Variable,DOMAIN,2,,,Y,
fx.USUBJID,fx,Unique Subject Identifier,Variable,USUBJID,3,,,Y,
fx.FETUSID,fx,Unique Fetus Identifier,Variable,FETUSID,4,,,Y,
fx.FXSEQ,fx,Sequence Number,Variable,FXSEQ,5,,,Y,
fx.FXGRPID,fx,Group Identifier,Variable,FXGRPID,6,,,Y,
fx.FXREFID,fx,Reference ID,Variable,FXREFID,7,,,Y,
fx.FXTESTCD,fx,Test Short Name,Variable,FXTESTCD,8,,,Y,
fx.FXTEST,fx,Fetal Exam Name,Variable,FXTEST,9,,,Y,
fx.FXORRES,fx,Result or Findings as Collected,Variable,FXORRES,10,,,Y,
fx.FXSTRESC,fx,Standardized Results in Character Format,Variable,FXSTRESC,11,,,Y,
fx.FXRESCAT,fx,Result Category,Variable,FXRESCAT,12,,,Y,
fx.FXDISTR,fx,Distribution Pattern of Finding,Variable,FXDISTR,13,,,Y,
fx.FXRESLOC,fx,Result Location of Finding,Variable,FXRESLOC,14,,,Y,
fx.FXSTAT,fx,Completion Status,Variable,FXSTAT,15,,,Y,
fx.FXREASND,fx,Reason Not Done,Variable,FXREASND,16,,,Y,
fx.FXANTREG,fx,Anatomical Region,Variable,FXANTREG,17,,,Y,
fx.FXLOC,fx,Location Used for the Measurement,Variable,FXLOC,18,,,Y,
fx.FXLAT,fx,Laterality,Variable,FXLAT,19,,,Y,
fx.FXMETHOD,fx,Method of Test or Examination,Variable,FXMETHOD,20,,,Y,
fx.FXSEV,fx,Severity,Variable,FXSEV,21,,,Y,
fx.RPHASE,fx,Reproductive Phase,Variable,RPHASE,22,,,Y,
fx.RPPLDY,fx,Planned Phase Day,Variable,RPPLDY,23,,,Y,
fx.FXDTC,fx,Date/Time,Variable,FXDTC,24,,,Y,
fx.FXDY,fx,Study Day,Variable,FXDY,25,,,Y,
fx.FXRPDY,fx,Actual Phase Day,Variable,FXRPDY,26,,,Y,
tt.STUDYID,tt,Study Identifier,Variable,STUDYID,1,,,Y,
tt.DOMAIN,tt,Domain Abbreviation,Variable,DOMAIN,2,,,Y,
tt.RSTGCD,tt,Repro Stage Code,Variable,RSTGCD,3,,,Y,
tt.RSTAGE,tt,Description of Repro Stage,Variable,RSTAGE,4,,,Y,
tt.TTSTRL,tt,Rule for Start of Repro Stage,Variable,TTSTRL,5,,,Y,
tt.TTENRL,tt,Rule for End of Repro Stage,Variable,TTENRL,6,,,Y,
tt.TTDUR,tt,Planned Duration of Repro Stage,Variable,TTDUR,7,,,Y,
tp.STUDYID,tp,Study Identifier,Variable,STUDYID,1,,,Y,
tp.DOMAIN,tp,Domain Abbreviation,Variable,DOMAIN,2,,,Y,
tp.RPATHCD,tp,Planned Repro Path Code,Variable,RPATHCD,3,,,Y,
tp.RPATH,tp,Description of Planned Repro Path,Variable,RPATH,4,,,Y,
tp.TPSTGORD,tp,Order of Repro Stage within Repro Path,Variable,TPSTGORD,5,,,Y,
tp.RSTGCD,tp,Repro Stage Code,Variable,RSTGCD,6,,,Y,
tp.RSTAGE,tp,Description of Repro Stage,Variable,RSTAGE,7,,,Y,
tp.TPBRANCH,tp,Branch,Variable,TPBRANCH,8,,,Y,
tp.RPHASE,tp,Repro Phase,Variable,RPHASE,9,,,Y,
tp.RPRFDY,tp,Repro Phase Start Reference Day,Variable,RPRFDY,10,,,Y,
,dm,Demographics,Domain,,1,,,Y,
,co,Comments,Domain,,2,,,Y,
,se,Subject Elements,Domain,,3,,,Y,
,ex,Exposure,Domain,,4,,,Y,
,ds,Disposition,Domain,,5,,,Y,
,bw,Body Weight,Domain,,6,,,Y,
,bg,Body Weight Gain,Domain,,7,,,Y,
,cl,Clinical Observations,Domain,,8,,,Y,
,dd,Death Diagnosis and Details,Domain,,9,,,Y,
,fw,Food and Water Consumption,Domain,,10,,,Y,
,lb,Laboratory Test Results,Domain,,11,,,Y,
,ma,Macroscopic Findings,Domain,,12,,,Y,
,mi,Microscopic Findings,Domain,,13,,,Y,
,om,Organ Measurements,Domain,,14,,,Y,
,pm,Palpable Masses,Domain,,15,,,Y,
,pc,Pharmacokinetics Concentrations,Domain,,16,,,Y,
,pp,Pharmacokinetics Parameters,Domain,,17,,,Y,
,sc,Subject Characteristics,Domain,,18,,,Y,
,tf,Tumor Findings,Domain,,19,,,Y,
,vs,Vital Signs,Domain,,20,,,Y,
,eg,ECG Test Results,Domain,,21,,,Y,
,cv,Cardiovascular Test Results,Domain,,22,,,Y,
,re,Respiratory Test Results,Domain,,23,,,Y,
,te,Trial Elements,Domain,,24,,,Y,
,ta,Trial Arms,Domain,,25,,,Y,
,tx,Trial Sets,Domain,,26,,,Y,
,ts,Trial Summary,Domain,,27,,,Y,
,relrec,Related Records,Domain,,28,,,Y,
,suppcl,Supplemental Qualifiers for CL,Domain,,29,,,Y,
,supppp,Supplemental Qualifiers for PP,Domain,,30,,,Y,
,supppc,Supplemental Qualifiers for PC,Domain,,31,,,Y,
,suppmi,Supplemental Qualifiers for MI,Domain,,32,,,Y,
,suppma,Supplemental Qualifiers for MA,Domain,,33,,,Y,
,pooldef,Pool Definition,Domain,,34,,,Y,
,tp,Trial Repro Paths,Domain,,35,,,Y,
,tt,Trial Repro Stages,Domain,,36,,,Y,
,sj,Subject Repro Stages,Domain,,37,,,Y,
,py,Nonclinical Pregnancy Results,Domain,,38,,,Y,
,ic,Implantation Classification,Domain,,39,,,Y,
,fx,Fetal Pathology Findings,Domain,,40,,,Y,
,fm,Fetal Measurements,Domain,,41,,,Y,
bg.STUDYID,bg,Study Identifier,Variable,STUDYID,1,Y,,,
bg.DOMAIN,bg,Domain Abbreviation,Variable,DOMAIN,2,Y,,,
bg.USUBJID,bg,Unique Subject Identifier,Variable,USUBJID,3,Y,,,
bg.BGSEQ,bg,Sequence Number,Variable,BGSEQ,4,Y,,,
bg.BGTESTCD,bg,Test Short Name,Variable,BGTESTCD,5,Y,,,
bg.BGTEST,bg,Test Name,Variable,BGTEST,6,Y,,,
bg.BGORRES,bg,Result or Findings as Collected,Variable,BGORRES,7,Y,,,
bg.BGORRESU,bg,Unit of the Original Result,Variable,BGORRESU,8,Y,,,
bg.BGSTRESC,bg,Standardized Result in Character Format,Variable,BGSTRESC,9,Y,,,
bg.BGSTRESN,bg,Standardized Result in Numeric Format,Variable,BGSTRESN,10,Y,,,
bg.BGSTRESU,bg,Unit of the Standardized Result,Variable,BGSTRESU,11,Y,,,
bg.BGSTAT,bg,Completion Status,Variable,BGSTAT,12,Y,,,
bg.BGREASND,bg,Reason Not Done,Variable,BGREASND,13,Y,,,
bg.BGEXCLFL,bg,Exclusion Flag,Variable,BGEXCLFL,14,Y,,,
bg.BGREASEX,bg,Reason for Exclusion,Variable,BGREASEX,15,Y,,,
bg.BGDTC,bg,Date/Time Animal Weighed,Variable,BGDTC,16,Y,,,
bg.BGENDTC,bg,End Date/Time Animal Weighed,Variable,BGENDTC,17,Y,,,
bg.BGDY,bg,Study Day of Start of Interval,Variable,BGDY,18,Y,,,
bg.BGENDY,bg,Study Day of End of Weight Interval,Variable,BGENDY,19,Y,,,
bw.STUDYID,bw,Study Identifier,Variable,STUDYID,1,Y,,,
bw.DOMAIN,bw,Domain Abbreviation,Variable,DOMAIN,2,Y,,,
bw.USUBJID,bw,Unique Subject Identifier,Variable,USUBJID,3,Y,,,
bw.BWSEQ,bw,Sequence Number,Variable,BWSEQ,4,Y,,,
bw.BWTESTCD,bw,Test Short Name,Variable,BWTESTCD,5,Y,,,
bw.BWTEST,bw,Test Name,Variable,BWTEST,6,Y,,,
bw.BWORRES,bw,Result or Findings as Collected,Variable,BWORRES,7,Y,,,
bw.BWORRESU,bw,Unit of the Original Result,Variable,BWORRESU,8,Y,,,
bw.BWSTRESC,bw,Standardized Result in Character Format,Variable,BWSTRESC,9,Y,,,
bw.BWSTRESN,bw,Standardized Result in Numeric Format,Variable,BWSTRESN,10,Y,,,
bw.BWSTRESU,bw,Unit of the Standardized Result,Variable,BWSTRESU,11,Y,,,
bw.BWSTAT,bw,Completion Status,Variable,BWSTAT,12,Y,,,
bw.BWREASND,bw,Reason Not Done,Variable,BWREASND,13,Y,,,
bw.BWBLFL,bw,Baseline Flag,Variable,BWBLFL,14,Y,,,
bw.BWFAST,bw,Fasting Status,Variable,BWFAST,15,Y,,,
bw.BWEXCLFL,bw,Exclusion Flag,Variable,BWEXCLFL,16,Y,,,
bw.BWREASEX,bw,Reason for Exclusion,Variable,BWREASEX,17,Y,,,
bw.BWUSCHFL,bw,Unscheduled Flag,Variable,BWUSCHFL,18,Y,,,
bw.VISITDY,bw,Planned Study Day of Collection,Variable,VISITDY,19,Y,,,
bw.BWDTC,bw,Date/Time Animal Weighed,Variable,BWDTC,20,Y,,,
bw.BWDY,bw,Study Day Animal Weighed,Variable,BWDY,21,Y,,,
bw.BWNOMDY,bw,Nominal Study Day for Tabulations,Variable,BWNOMDY,22,Y,,,
bw.BWNOMLBL,bw,Label for Nominal Study Day,Variable,BWNOMLBL,23,Y,,,
cl.STUDYID,cl,Study Identifier,Variable,STUDYID,1,Y,,,
cl.DOMAIN,cl,Domain Abbreviation,Variable,DOMAIN,2,Y,,,
cl.USUBJID,cl,Unique Subject Identifier,Variable,USUBJID,3,Y,,,
cl.POOLID,cl,Pool Identifier,Variable,POOLID,4,Y,,,
cl.FOCID,cl,Focus of Study- Specific Interest,Variable,FOCID,5,Y,,,
cl.CLSEQ,cl,Sequence Number,Variable,CLSEQ,6,Y,,,
cl.CLGRPID,cl,Group Identifier,Variable,CLGRPID,7,Y,,,
cl.CLSPID,cl,Mass Identifier,Variable,CLSPID,8,Y,,,
cl.CLTESTCD,cl,Test Short Name,Variable,CLTESTCD,9,Y,,,
cl.CLTEST,cl,Test Name,Variable,CLTEST,10,Y,,,
cl.CLCAT,cl,Category for Clinical Observations,Variable,CLCAT,11,Y,,,
cl.CLSCAT,cl,Subcategory for Clinical Observations,Variable,CLSCAT,12,Y,,,
cl.CLBODSYS,cl,Body System or Organ Class,Variable,CLBODSYS,13,Y,,,
cl.CLORRES,cl,Result or Findings as Collected,Variable,CLORRES,14,Y,,,
cl.CLSTRESC,cl,Standardized Result in Character Format,Variable,CLSTRESC,15,Y,,,
cl.CLRESCAT,cl,Result Category,Variable,CLRESCAT,16,Y,,,
cl.CLSTAT,cl,Completion Status,Variable,CLSTAT,17,Y,,,
cl.CLREASND,cl,Reason Not Done,Variable,CLREASND,18,Y,,,
cl.CLLOC,cl,Location of a Finding,Variable,CLLOC,19,Y,,,
cl.CLEVAL,cl,Evaluator,Variable,CLEVAL,20,Y,,,
cl.CLSEV,cl,Severity,Variable,CLSEV,21,Y,,,
cl.CLEXCLFL,cl,Exclusion Flag,Variable,CLEXCLFL,22,Y,,,
cl.CLREASEX,cl,Reason for Exclusion,Variable,CLREASEX,23,Y,,,
cl.CLUSCHFL,cl,Unscheduled Flag,Variable,CLUSCHFL,24,Y,,,
cl.VISITDY,cl,Planned Study Day of Collection,Variable,VISITDY,25,Y,,,
cl.CLDTC,cl,Date/Time of Observation,Variable,CLDTC,26,Y,,,
cl.CLENDTC,cl,End Date/Time of Observation,Variable,CLENDTC,27,Y,,,
cl.CLDY,cl,Study Day of Observation,Variable,CLDY,28,Y,,,
cl.CLENDY,cl,Study Day of End of Observation,Variable,CLENDY,29,Y,,,
cl.CLNOMDY,cl,Nominal Study Day for Tabulations,Variable,CLNOMDY,30,Y,,,
cl.CLNOMLBL,cl,Label for Nominal Study Day,Variable,CLNOMLBL,31,Y,,,
cl.CLTPT,cl,Planned Time Point Name,Variable,CLTPT,32,Y,,,
cl.CLTPTNUM,cl,Planned Time Point Number,Variable,CLTPTNUM,33,Y,,,
cl.CLELTM,cl,Planned Elapsed Time from Time Point Ref,Variable,CLELTM,34,Y,,,
cl.CLTPTREF,cl,Time Point Reference,Variable,CLTPTREF,35,Y,,,
cl.CLRFTDTC,cl,Date/Time of Reference Time Point,Variable,CLRFTDTC,36,Y,,,
co.STUDYID,co,Study Identifier,Variable,STUDYID,1,Y,,,
co.DOMAIN,co,Domain Abbreviation,Variable,DOMAIN,2,Y,,,
co.RDOMAIN,co,Related Domain Abbreviation,Variable,RDOMAIN,3,Y,,,
co.USUBJID,co,Unique Subject Identifier,Variable,USUBJID,4,Y,,,
co.POOLID,co,Pool Identifier,Variable,POOLID,5,Y,,,
co.COSEQ,co,Sequence Number,Variable,COSEQ,6,Y,,,
co.IDVAR,co,Identifying Variable,Variable,IDVAR,7,Y,,,
co.IDVARVAL,co,Identifying Variable Value,Variable,IDVARVAL,8,Y,,,
co.COREF,co,Comment Reference,Variable,COREF,9,Y,,,
co.COVAL,co,Comment,Variable,COVAL,10,Y,,,
co.COEVAL,co,Evaluator,Variable,COEVAL,11,Y,,,
co.CODTC,co,Date/Time of Comment,Variable,CODTC,12,Y,,,
co.CODY,co,Study Day of Comment,Variable,CODY,13,Y,,,
cv.STUDYID,cv,Study Identifier,Variable,STUDYID,1,Y,,,
cv.DOMAIN,cv,Domain Abbreviation,Variable,DOMAIN,2,Y,,,
cv.USUBJID,cv,Unique Subject Identifier,Variable,USUBJID,3,Y,,,
cv.CVSEQ,cv,Sequence Number,Variable,CVSEQ,4,Y,,,
cv.CVGRPID,cv,Group Identifier,Variable,CVGRPID,5,Y,,,
cv.CVSPID,cv,Sponsor-Defined Identifier,Variable,CVSPID,6,Y,,,
cv.CVTESTCD,cv,Test Short Name,Variable,CVTESTCD,7,Y,,,
cv.CVTEST,cv,Test Name,Variable,CVTEST,8,Y,,,
cv.CVPOS,cv,Position of Subject During Test,Variable,CVPOS,9,Y,,,
cv.CVORRES,cv,Result or Findings as Collected,Variable,CVORRES,10,Y,,,
cv.CVORRESU,cv,Unit of the Original Result,Variable,CVORRESU,11,Y,,,
cv.CVSTRESC,cv,Standardized Result in Character Format,Variable,CVSTRESC,12,Y,,,
cv.CVSTRESN,cv,Standardized Result in Numeric Format,Variable,CVSTRESN,13,Y,,,
cv.CVSTRESU,cv,Unit of the Standardized Result,Variable,CVSTRESU,14,Y,,,
cv.CVSTAT,cv,Completion Status,Variable,CVSTAT,15,Y,,,
cv.CVREASND,cv,Reason Not Done,Variable,CVREASND,16,Y,,,
cv.CVMETHOD,cv,Method of Test,Variable,CVMETHOD,17,Y,,,
cv.CVCSTATE,cv,Consciousness State,Variable,CVCSTATE,18,Y,,,
cv.CVBLFL,cv,Baseline Flag,Variable,CVBLFL,19,Y,,,
cv.CVDRVFL,cv,Derived Flag,Variable,CVDRVFL,20,Y,,,
cv.CVEXCLFL,cv,Exclusion Flag,Variable,CVEXCLFL,21,Y,,,
cv.CVREASEX,cv,Reason for Exclusion,Variable,CVREASEX,22,Y,,,
cv.CVUSCHFL,cv,Unscheduled Flag,Variable,CVUSCHFL,23,Y,,,
cv.CVDTC,cv,Date/Time of Cardiovascular Test,Variable,CVDTC,24,Y,,,
cv.CVENDTC,cv,End Date/Time of Cardiovascular Test,Variable,CVENDTC,25,Y,,,
cv.CVDY,cv,Study Day of Cardiovascular Test,Variable,CVDY,26,Y,,,
cv.CVENDY,cv,Study Day of End of Cardiovascular Test,Variable,CVENDY,27,Y,,,
cv.CVNOMDY,cv,Nominal Study Day for Tabulations,Variable,CVNOMDY,28,Y,,,
cv.CVNOMLBL,cv,Label for Nominal Study Day,Variable,CVNOMLBL,29,Y,,,
cv.CVTPT,cv,Planned Time Point Name,Variable,CVTPT,30,Y,,,
cv.CVTPTNUM,cv,Planned Time Point Number,Variable,CVTPTNUM,31,Y,,,
cv.CVELTM,cv,Planned Elapsed Time from Time Point Ref,Variable,CVELTM,32,Y,,,
cv.CVTPTREF,cv,Time Point Reference,Variable,CVTPTREF,33,Y,,,
cv.CVRFTDTC,cv,Date/Time of Reference Time Point,Variable,CVRFTDTC,34,Y,,,
cv.CVEVLINT,cv,Evaluation Interval,Variable,CVEVLINT,35,Y,,,
cv.CVSTINT,cv,Planned Start of Assessment Interval,Variable,CVSTINT,36,Y,,,
cv.CVENINT,cv,Planned End of Assessment Interval,Variable,CVENINT,37,Y,,,
dd.STUDYID,dd,Study Identifier,Variable,STUDYID,1,Y,,,
dd.DOMAIN,dd,Domain Abbreviation,Variable,DOMAIN,2,Y,,,
dd.USUBJID,dd,Unique Subject Identifier,Variable,USUBJID,3,Y,,,
dd.DDSEQ,dd,Sequence Number,Variable,DDSEQ,4,Y,,,
dd.DDTESTCD,dd,Death Diagnosis Short Name,Variable,DDTESTCD,5,Y,,,
dd.DDTEST,dd,Death Diagnosis Name,Variable,DDTEST,6,Y,,,
dd.DDORRES,dd,Result or Findings as Collected,Variable,DDORRES,7,Y,,,
dd.DDSTRESC,dd,Standardized Result in Character Format,Variable,DDSTRESC,8,Y,,,
dd.DDRESCAT,dd,Result Category,Variable,DDRESCAT,9,Y,,,
dd.DDEVAL,dd,Evaluator,Variable,DDEVAL,10,Y,,,
dd.DDDTC,dd,Date/Time,Variable,DDDTC,11,Y,,,
dd.DDDY,dd,Study Day,Variable,DDDY,12,Y,,,
dm.STUDYID,dm,Study Identifier,Variable,STUDYID,1,Y,,,
dm.DOMAIN,dm,Domain Abbreviation,Variable,DOMAIN,2,Y,,,
dm.USUBJID,dm,Unique Subject Identifier,Variable,USUBJID,3,Y,,,
dm.SUBJID,dm,Subject Identifier for the Study,Variable,SUBJID,4,Y,,,
dm.RFSTDTC,dm,Subject Reference Start Date/Time,Variable,RFSTDTC,5,Y,,,
dm.RFENDTC,dm,Subject Reference End Date/Time,Variable,RFENDTC,6,Y,,,
dm.RFXSTDTC,dm,Date/Time of First Study Treatment,Variable,RFXSTDTC,7,Y,,,
dm.RFXENDTC,dm,Date/Time of Last Study Treatment,Variable,RFXENDTC,8,Y,,,
dm.SITEID,dm,Study Site Identifier,Variable,SITEID,9,Y,,,
dm.BRTHDTC,dm,Date/Time of Birth,Variable,BRTHDTC,10,Y,,,
dm.AGE,dm,Age,Variable,AGE,11,Y,,,
dm.AGETXT,dm,Age Range,Variable,AGETXT,12,Y,,,
dm.AGEU,dm,Age Unit,Variable,AGEU,13,Y,,,
dm.SEX,dm,Sex,Variable,SEX,14,Y,,,
dm.SPECIES,dm,Species,Variable,SPECIES,15,Y,,,
dm.STRAIN,dm,Strain/Substrain,Variable,STRAIN,16,Y,,,
dm.SBSTRAIN,dm,Strain/Substrain Details,Variable,SBSTRAIN,17,Y,,,
dm.ARMCD,dm,Planned Arm Code,Variable,ARMCD,18,Y,,,
dm.ARM,dm,Description of Planned Arm,Variable,ARM,19,Y,,,
dm.SETCD,dm,Set Code,Variable,SETCD,20,Y,,,
se.STUDYID,se,Study Identifier,Variable,STUDYID,1,Y,,,
se.DOMAIN,se,Domain Abbreviation,Variable,DOMAIN,2,Y,,,
se.USUBJID,se,Unique Subject Identifier,Variable,USUBJID,3,Y,,,
se.SESEQ,se,Sequence Number,Variable,SESEQ,4,Y,,,
se.ETCD,se,Element Code,Variable,ETCD,5,Y,,,
se.ELEMENT,se,Description of Element,Variable,ELEMENT,6,Y,,,
se.SESTDTC,se,Start Date/Time of Element,Variable,SESTDTC,7,Y,,,
se.SEENDTC,se,End Date/Time of Element,Variable,SEENDTC,8,Y,,,
se.SEUPDES,se,Description of Unplanned Element,Variable,SEUPDES,9,Y,,,
suppma.STUDYID,suppma,Study Identifier,Variable,STUDYID,1,Y,,,
suppma.RDOMAIN,suppma,Related Domain Abbreviation,Variable,RDOMAIN,2,Y,,,
suppma.USUBJID,suppma,Unique Subject Identifier,Variable,USUBJID,3,Y,,,
suppma.POOLID,suppma,Pool Identifier,Variable,POOLID,4,Y,,,
suppma.IDVAR,suppma,Identifying Variable,Variable,IDVAR,5,Y,,,
suppma.IDVARVAL,suppma,Identifying Variable Value,Variable,IDVARVAL,6,Y,,,
suppma.QNAM,suppma,Qualifier Variable Name,Variable,QNAM,7,Y,,,
suppma.QLABEL,suppma,Qualifier Variable Label,Variable,QLABEL,8,Y,,,
suppma.QVAL,suppma,Data Value,Variable,QVAL,9,Y,,,
suppma.QORIG,suppma,Origin,Variable,QORIG,10,Y,,,
suppma.QEVAL,suppma,Evaluator,Variable,QEVAL,11,Y,,,
suppmi.STUDYID,suppmi,Study Identifier,Variable,STUDYID,1,Y,,,
suppmi.RDOMAIN,suppmi,Related Domain Abbreviation,Variable,RDOMAIN,2,Y,,,
suppmi.USUBJID,suppmi,Unique Subject Identifier,Variable,USUBJID,3,Y,,,
suppmi.POOLID,suppmi,Pool Identifier,Variable,POOLID,4,Y,,,
suppmi.IDVAR,suppmi,Identifying Variable,Variable,IDVAR,5,Y,,,
suppmi.IDVARVAL,suppmi,Identifying Variable Value,Variable,IDVARVAL,6,Y,,,
suppmi.QNAM,suppmi,Qualifier Variable Name,Variable,QNAM,7,Y,,,
suppmi.QLABEL,suppmi,Qualifier Variable Label,Variable,QLABEL,8,Y,,,
suppmi.QVAL,suppmi,Data Value,Variable,QVAL,9,Y,,,
suppmi.QORIG,suppmi,Origin,Variable,QORIG,10,Y,,,
suppmi.QEVAL,suppmi,Evaluator,Variable,QEVAL,11,Y,,,
suppcl.STUDYID,suppcl,Study Identifier,Variable,STUDYID,1,Y,,,
suppcl.RDOMAIN,suppcl,Related Domain Abbreviation,Variable,RDOMAIN,2,Y,,,
suppcl.USUBJID,suppcl,Unique Subject Identifier,Variable,USUBJID,3,Y,,,
suppcl.POOLID,suppcl,Pool Identifier,Variable,POOLID,4,Y,,,
suppcl.IDVAR,suppcl,Identifying Variable,Variable,IDVAR,5,Y,,,
suppcl.IDVARVAL,suppcl,Identifying Variable Value,Variable,IDVARVAL,6,Y,,,
suppcl.QNAM,suppcl,Qualifier Variable Name,Variable,QNAM,7,Y,,,
suppcl.QLABEL,suppcl,Qualifier Variable Label,Variable,QLABEL,8,Y,,,
suppcl.QVAL,suppcl,Data Value,Variable,QVAL,9,Y,,,
suppcl.QORIG,suppcl,Origin,Variable,QORIG,10,Y,,,
suppcl.QEVAL,suppcl,Evaluator,Variable,QEVAL,11,Y,,,
supppp.STUDYID,supppp,Study Identifier,Variable,STUDYID,1,Y,,,
supppp.RDOMAIN,supppp,Related Domain Abbreviation,Variable,RDOMAIN,2,Y,,,
supppp.USUBJID,supppp,Unique Subject Identifier,Variable,USUBJID,3,Y,,,
supppp.POOLID,supppp,Pool Identifier,Variable,POOLID,4,Y,,,
supppp.IDVAR,supppp,Identifying Variable,Variable,IDVAR,5,Y,,,
supppp.IDVARVAL,supppp,Identifying Variable Value,Variable,IDVARVAL,6,Y,,,
supppp.QNAM,supppp,Qualifier Variable Name,Variable,QNAM,7,Y,,,
supppp.QLABEL,supppp,Qualifier Variable Label,Variable,QLABEL,8,Y,,,
supppp.QVAL,supppp,Data Value,Variable,QVAL,9,Y,,,
supppp.QORIG,supppp,Origin,Variable,QORIG,10,Y,,,
supppp.QEVAL,supppp,Evaluator,Variable,QEVAL,11,Y,,,
supppc.STUDYID,supppc,Study Identifier,Variable,STUDYID,1,Y,,,
supppc.RDOMAIN,supppc,Related Domain Abbreviation,Variable,RDOMAIN,2,Y,,,
supppc.USUBJID,supppc,Unique Subject Identifier,Variable,USUBJID,3,Y,,,
supppc.POOLID,supppc,Pool Identifier,Variable,POOLID,4,Y,,,
supppc.IDVAR,supppc,Identifying Variable,Variable,IDVAR,5,Y,,,
supppc.IDVARVAL,supppc,Identifying Variable Value,Variable,IDVARVAL,6,Y,,,
supppc.QNAM,supppc,Qualifier Variable Name,Variable,QNAM,7,Y,,,
supppc.QLABEL,supppc,Qualifier Variable Label,Variable,QLABEL,8,Y,,,
supppc.QVAL,supppc,Data Value,Variable,QVAL,9,Y,,,
supppc.QORIG,supppc,Origin,Variable,QORIG,10,Y,,,
supppc.QEVAL,supppc,Evaluator,Variable,QEVAL,11,Y,,,
ta.STUDYID,ta,Study Identifier,Variable,STUDYID,1,Y,,,
ta.DOMAIN,ta,Domain Abbreviation,Variable,DOMAIN,2,Y,,,
ta.ARMCD,ta,Planned Arm Code,Variable,ARMCD,3,Y,,,
ta.ARM,ta,Description of Planned Arm,Variable,ARM,4,Y,,,
ta.TAETORD,ta,Order of Element within Arm,Variable,TAETORD,5,Y,,,
ta.ETCD,ta,Element Code,Variable,ETCD,6,Y,,,
ta.ELEMENT,ta,Description of Element,Variable,ELEMENT,7,Y,,,
ta.TABRANCH,ta,Branch,Variable,TABRANCH,8,Y,,,
ta.TATRANS,ta,Transition Rule,Variable,TATRANS,9,Y,,,
ta.EPOCH,ta,Trial Epoch,Variable,EPOCH,10,Y,,,
te.STUDYID,te,Study Identifier,Variable,STUDYID,2,Y,,,
te.DOMAIN,te,Domain Abbreviation,Variable,DOMAIN,3,Y,,,
te.ETCD,te,Element Code,Variable,ETCD,4,Y,,,
te.ELEMENT,te,Description of Element,Variable,ELEMENT,5,Y,,,
te.TESTRL,te,Rule for Start of Element,Variable,TESTRL,6,Y,,,
te.TEENRL,te,Rule for End of Element,Variable,TEENRL,7,Y,,,
te.TEDUR,te,Planned Duration of Element,Variable,TEDUR,8,Y,,,
tf.STUDYID,tf,Study Identifier,Variable,STUDYID,1,Y,,,
tf.DOMAIN,tf,Domain Abbreviation,Variable,DOMAIN,2,Y,,,
tf.USUBJID,tf,Unique Subject Identifier,Variable,USUBJID,3,Y,,,
tf.TFSEQ,tf,Sequence Number,Variable,TFSEQ,4,Y,,,
tf.TFGRPID,tf,Group Identifier,Variable,TFGRPID,5,Y,,,
tf.TFREFID,tf,Specimen Identifier,Variable,TFREFID,6,Y,,,
tf.TFSPID,tf,Mass Identifier,Variable,TFSPID,7,Y,,,
tf.TFTESTCD,tf,Tumor Examination Short Name,Variable,TFTESTCD,8,Y,,,
tf.TFTEST,tf,Tumor Examination Name,Variable,TFTEST,9,Y,,,
tf.TFORRES,tf,Result or Findings as Collected,Variable,TFORRES,10,Y,,,
tf.TFSTRESC,tf,Standardized Result in Character Format,Variable,TFSTRESC,11,Y,,,
tf.TFRESCAT,tf,Tumor Malignancy Status,Variable,TFRESCAT,12,Y,,,
tf.TFNAM,tf,Laboratory Name,Variable,TFNAM,13,Y,,,
tf.TFSPEC,tf,Specimen Material Type,Variable,TFSPEC,14,Y,,,
tf.TFANTREG,tf,Anatomical Region of Specimen,Variable,TFANTREG,15,Y,,,
tf.TFSPCCND,tf,Specimen Condition,Variable,TFSPCCND,16,Y,,,
tf.TFLAT,tf,Specimen Laterality within Subject,Variable,TFLAT,17,Y,,,
tf.TFDIR,tf,Specimen Directionality within Subject,Variable,TFDIR,18,Y,,,
tf.TFMETHOD,tf,Method of Test or Examination,Variable,TFMETHOD,19,Y,,,
tf.TFEVAL,tf,Evaluator,Variable,TFEVAL,20,Y,,,
tf.TFDTHREL,tf,Relationship to Death,Variable,TFDTHREL,21,Y,,,
tf.TFDTC,tf,Date/Time,Variable,TFDTC,22,Y,,,
tf.TFDY,tf,Study Day,Variable,TFDY,23,Y,,,
tf.TFDETECT,tf,Time in Days to Detection of Tumor,Variable,TFDETECT,24,Y,,,
ts.STUDYID,ts,Study Identifier,Variable,STUDYID,1,Y,,,
ts.DOMAIN,ts,Domain Abbreviation,Variable,DOMAIN,2,Y,,,
ts.TSSEQ,ts,Sequence Number,Variable,TSSEQ,3,Y,,,
ts.TSGRPID,ts,Group Identifier,Variable,TSGRPID,4,Y,,,
ts.TSPARMCD,ts,Trial Summary Parameter Short Name,Variable,TSPARMCD,5,Y,,,
ts.TSPARM,ts,Trial Summary Parameter,Variable,TSPARM,6,Y,,,
ts.TSVAL,ts,Parameter Value,Variable,TSVAL,7,Y,,,
ts.TSVALNF,ts,Parameter Null Flavor,Variable,TSVALNF,8,Y,,,
tx.STUDYID,tx,Study Identifier,Variable,STUDYID,1,Y,,,
tx.DOMAIN,tx,Domain Abbreviation,Variable,DOMAIN,2,Y,,,
tx.SETCD,tx,Set Code,Variable,SETCD,3,Y,,,
tx.SET,tx,Set Description,Variable,SET,4,Y,,,
tx.TXSEQ,tx,Sequence Number,Variable,TXSEQ,5,Y,,,
tx.TXPARMCD,tx,Trial Set Parameter Short Name,Variable,TXPARMCD,6,Y,,,
tx.TXPARM,tx,Trial Set Parameter,Variable,TXPARM,7,Y,,,
tx.TXVAL,tx,Trial Set Parameter Value,Variable,TXVAL,8,Y,,,
vs.STUDYID,vs,Study Identifier,Variable,STUDYID,1,Y,,,
vs.DOMAIN,vs,Domain Abbreviation,Variable,DOMAIN,2,Y,,,
vs.USUBJID,vs,Unique Subject Identifier,Variable,USUBJID,3,Y,,,
vs.VSSEQ,vs,Sequence Number,Variable,VSSEQ,4,Y,,,
vs.VSGRPID,vs,Group Identifier,Variable,VSGRPID,5,Y,,,
vs.VSSPID,vs,Sponsor-Defined Identifier,Variable,VSSPID,6,Y,,,
vs.VSTESTCD,vs,Vital Signs Test Short Name,Variable,VSTESTCD,7,Y,,,
vs.VSTEST,vs,Vital Signs Test Name,Variable,VSTEST,8,Y,,,
vs.VSCAT,vs,Category for Vital Signs,Variable,VSCAT,9,Y,,,
vs.VSSCAT,vs,Subcategory for Vital Signs,Variable,VSSCAT,10,Y,,,
vs.VSPOS,vs,Vital Signs Position of Subject,Variable,VSPOS,11,Y,,,
vs.VSORRES,vs,Result or Findings as Collected,Variable,VSORRES,12,Y,,,
vs.VSORRESU,vs,Unit of the Original Result,Variable,VSORRESU,13,Y,,,
vs.VSSTRESC,vs,Standardized Result in Character Format,Variable,VSSTRESC,14,Y,,,
vs.VSSTRESN,vs,Standardized Result in Numeric Format,Variable,VSSTRESN,15,Y,,,
vs.VSSTRESU,vs,Unit of the Standardized Result,Variable,VSSTRESU,16,Y,,,
vs.VSSTAT,vs,Completion Status,Variable,VSSTAT,17,Y,,,
vs.VSREASND,vs,Reason Not Done,Variable,VSREASND,18,Y,,,
vs.VSLOC,vs,Location of Vital Signs Measurement,Variable,VSLOC,19,Y,,,
vs.VSCSTATE,vs,Consciousness State,Variable,VSCSTATE,20,Y,,,
vs.VSBLFL,vs,Baseline Flag,Variable,VSBLFL,21,Y,,,
vs.VSDRVFL,vs,Derived Flag,Variable,VSDRVFL,22,Y,,,
vs.VSEXCLFL,vs,Exclusion Flag,Variable,VSEXCLFL,23,Y,,,
vs.VSREASEX,vs,Reason for Exclusion,Variable,VSREASEX,24,Y,,,
vs.VSUSCHFL,vs,Unscheduled Flag,Variable,VSUSCHFL,25,Y,,,
vs.VISITDY,vs,Planned Study Day of Collection,Variable,VISITDY,26,Y,,,
vs.VSDTC,vs,Date/Time of Measurement,Variable,VSDTC,27,Y,,,
vs.VSENDTC,vs,End Date/Time of Measurement,Variable,VSENDTC,28,Y,,,
vs.VSDY,vs,Study Day of Vital Signs Measurement,Variable,VSDY,29,Y,,,
vs.VSENDY,vs,Study Day of End of Measurement,Variable,VSENDY,30,Y,,,
vs.VSNOMDY,vs,Nominal Study Day for Tabulations,Variable,VSNOMDY,31,Y,,,
vs.VSNOMLBL,vs,Label for Nominal Study Day,Variable,VSNOMLBL,32,Y,,,
vs.VSTPT,vs,Planned Time Point Name,Variable,VSTPT,33,Y,,,
vs.VSTPTNUM,vs,Planned Time Point Number,Variable,VSTPTNUM,34,Y,,,
vs.VSELTM,vs,Planned Elapsed Time from Time Point Ref,Variable,VSELTM,35,Y,,,
vs.VSTPTREF,vs,Time Point Reference,Variable,VSTPTREF,36,Y,,,
vs.VSRFTDTC,vs,Date/Time of Time Point Reference,Variable,VSRFTDTC,37,Y,,,
ds.STUDYID,ds,Study Identifier,Variable,STUDYID,1,Y,,,
ds.DOMAIN,ds,Domain Abbreviation,Variable,DOMAIN,2,Y,,,
ds.USUBJID,ds,Unique Subject Identifier,Variable,USUBJID,3,Y,,,
ds.DSSEQ,ds,Sequence Number,Variable,DSSEQ,4,Y,,,
ds.DSTERM,ds,Reported Term for the Disposition Event,Variable,DSTERM,5,Y,,,
ds.DSDECOD,ds,Standardized Disposition Term,Variable,DSDECOD,6,Y,,,
ds.DSUSCHFL,ds,Unscheduled Flag,Variable,DSUSCHFL,7,Y,,,
ds.VISITDY,ds,Planned Study Day of Disposition,Variable,VISITDY,8,Y,,,
ds.DSSTDTC,ds,Date/Time of Disposition,Variable,DSSTDTC,9,Y,,,
ds.DSSTDY,ds,Study Day of Disposition,Variable,DSSTDY,10,Y,,,
ds.DSNOMDY,ds,Nominal Study Day for Tabulations,Variable,DSNOMDY,11,Y,,,
ds.DSNOMLBL,ds,Label for Nominal Study Day,Variable,DSNOMLBL,12,Y,,,
eg.STUDYID,eg,Study Identifier,Variable,STUDYID,1,Y,,,
eg.DOMAIN,eg,Domain Abbreviation,Variable,DOMAIN,2,Y,,,
eg.USUBJID,eg,Unique Subject Identifier,Variable,USUBJID,3,Y,,,
eg.EGSEQ,eg,Sequence Number,Variable,EGSEQ,4,Y,,,
eg.EGGRPID,eg,Group Identifier,Variable,EGGRPID,5,Y,,,
eg.EGREFID,eg,ECG Reference Identifier,Variable,EGREFID,6,Y,,,
eg.EGSPID,eg,Sponsor-Defined Identifier,Variable,EGSPID,7,Y,,,
eg.EGTESTCD,eg,ECG Test Short Name,Variable,EGTESTCD,8,Y,,,
eg.EGTEST,eg,ECG Test Name,Variable,EGTEST,9,Y,,,
eg.EGCAT,eg,Category for ECG,Variable,EGCAT,10,Y,,,
eg.EGPOS,eg,ECG Position of Subject,Variable,EGPOS,11,Y,,,
eg.EGORRES,eg,Result or Findings as Collected,Variable,EGORRES,12,Y,,,
eg.EGORRESU,eg,Unit of the Original Result,Variable,EGORRESU,13,Y,,,
eg.EGSTRESC,eg,Standardized Result in Character Format,Variable,EGSTRESC,14,Y,,,
eg.EGSTRESN,eg,Standardized Result in Numeric Format,Variable,EGSTRESN,15,Y,,,
eg.EGSTRESU,eg,Unit of the Standardized Result,Variable,EGSTRESU,16,Y,,,
eg.EGSTAT,eg,Completion Status,Variable,EGSTAT,17,Y,,,
eg.EGREASND,eg,Reason Not Done,Variable,EGREASND,18,Y,,,
eg.EGXFN,eg,ECG External File Name,Variable,EGXFN,19,Y,,,
eg.EGNAM,eg,Laboratory Name,Variable,EGNAM,20,Y,,,
eg.EGMETHOD,eg,Method of ECG Test,Variable,EGMETHOD,21,Y,,,
eg.EGLEAD,eg,Lead Used for Measurement,Variable,EGLEAD,22,Y,,,
eg.EGCSTATE,eg,Consciousness State,Variable,EGCSTATE,23,Y,,,
eg.EGBLFL,eg,Baseline Flag,Variable,EGBLFL,24,Y,,,
eg.EGDRVFL,eg,Derived Flag,Variable,EGDRVFL,25,Y,,,
eg.EGEVAL,eg,Evaluator,Variable,EGEVAL,26,Y,,,
eg.EGEXCLFL,eg,Exclusion Flag,Variable,EGEXCLFL,27,Y,,,
eg.EGREASEX,eg,Reason for Exclusion,Variable,EGREASEX,28,Y,,,
eg.EGUSCHFL,eg,Unscheduled Flag,Variable,EGUSCHFL,29,Y,,,
eg.VISITDY,eg,Planned Study Day of Collection,Variable,VISITDY,30,Y,,,
eg.EGDTC,eg,Date/Time of ECG Collection,Variable,EGDTC,31,Y,,,
eg.EGENDTC,eg,End Date/Time of ECG Collection,Variable,EGENDTC,32,Y,,,
eg.EGDY,eg,Study Day of ECG Collection,Variable,EGDY,33,Y,,,
eg.EGENDY,eg,Study Day of End of ECG Collection,Variable,EGENDY,34,Y,,,
eg.EGNOMDY,eg,Nominal Study Day for Tabulations,Variable,EGNOMDY,35,Y,,,
eg.EGNOMLBL,eg,Label for Nominal Study Day,Variable,EGNOMLBL,36,Y,,,
eg.EGTPT,eg,Planned Time Point Name,Variable,EGTPT,37,Y,,,
eg.EGTPTNUM,eg,Planned Time Point Number,Variable,EGTPTNUM,38,Y,,,
eg.EGELTM,eg,Planned Elapsed Time from Time Point Ref,Variable,EGELTM,39,Y,,,
eg.EGTPTREF,eg,Time Point Reference,Variable,EGTPTREF,40,Y,,,
eg.EGRFTDTC,eg,Date/Time of Reference Time Point,Variable,EGRFTDTC,41,Y,,,
eg.EGEVLINT,eg,Evaluation Interval,Variable,EGEVLINT,42,Y,,,
eg.EGSTINT,eg,Planned Start of Assessment Interval,Variable,EGSTINT,43,Y,,,
eg.EGENINT,eg,Planned End of Assessment Interval,Variable,EGENINT,44,Y,,,
ex.STUDYID,ex,Study Identifier,Variable,STUDYID,1,Y,,,
ex.DOMAIN,ex,Domain Abbreviation,Variable,DOMAIN,2,Y,,,
ex.USUBJID,ex,Unique Subject Identifier,Variable,USUBJID,3,Y,,,
ex.POOLID,ex,Pool Identifier,Variable,POOLID,4,Y,,,
ex.FOCID,ex,Focus of Study- Specific Interest,Variable,FOCID,5,Y,,,
ex.EXSEQ,ex,Sequence Number,Variable,EXSEQ,6,Y,,,
ex.EXTRT,ex,Name of Actual Treatment,Variable,EXTRT,7,Y,,,
ex.EXDOSE,ex,Dose per Administration,Variable,EXDOSE,8,Y,,,
ex.EXDOSTXT,ex,Dose Description,Variable,EXDOSTXT,9,Y,,,
ex.EXDOSU,ex,Dose Units,Variable,EXDOSU,10,Y,,,
ex.EXDOSFRM,ex,Dose Form,Variable,EXDOSFRM,11,Y,,,
ex.EXDOSFRQ,ex,Dosing Frequency Per Interval,Variable,EXDOSFRQ,12,Y,,,
ex.EXROUTE,ex,Route of Administration,Variable,EXROUTE,13,Y,,,
ex.EXLOT,ex,Lot Number,Variable,EXLOT,14,Y,,,
ex.EXLOC,ex,Location of Dose Administration,Variable,EXLOC,15,Y,,,
ex.EXMETHOD,ex,Method of Administration,Variable,EXMETHOD,16,Y,,,
ex.EXTRTV,ex,Treatment Vehicle,Variable,EXTRTV,17,Y,,,
ex.EXVAMT,ex,Amount Administered,Variable,EXVAMT,18,Y,,,
ex.EXVAMTU,ex,Amount Administered Units,Variable,EXVAMTU,19,Y,,,
ex.EXADJ,ex,Reason for Dose Adjustment,Variable,EXADJ,20,Y,,,
ex.EXSTDTC,ex,Start Date/Time of Treatment,Variable,EXSTDTC,21,Y,,,
ex.EXENDTC,ex,End Date/Time of Treatment,Variable,EXENDTC,22,Y,,,
ex.EXSTDY,ex,Study Day of Start of Treatment,Variable,EXSTDY,23,Y,,,
ex.EXENDY,ex,Study Day of End of Treatment,Variable,EXENDY,24,Y,,,
ex.EXDUR,ex,Duration of Treatment,Variable,EXDUR,25,Y,,,
ex.EXTPT,ex,Planned Time Point Name,Variable,EXTPT,26,Y,,,
ex.EXTPTNUM,ex,Planned Time Point Number,Variable,EXTPTNUM,27,Y,,,
ex.EXELTM,ex,Planned Elapsed Time from Time Point Ref,Variable,EXELTM,28,Y,,,
ex.EXTPTREF,ex,Time Point Reference,Variable,EXTPTREF,29,Y,,,
ex.EXRFTDTC,ex,Date/Time of Reference Time Point,Variable,EXRFTDTC,30,Y,,,
fw.STUDYID,fw,Study Identifier,Variable,STUDYID,1,Y,,,
fw.DOMAIN,fw,Domain Abbreviation,Variable,DOMAIN,2,Y,,,
fw.USUBJID,fw,Unique Subject Identifier,Variable,USUBJID,3,Y,,,
fw.POOLID,fw,Pool Identifier,Variable,POOLID,4,Y,,,
fw.FWSEQ,fw,Sequence Number,Variable,FWSEQ,5,Y,,,
fw.FWGRPID,fw,Group Identifier,Variable,FWGRPID,6,Y,,,
fw.FWTESTCD,fw,Food/Water Consumption Short Name,Variable,FWTESTCD,7,Y,,,
fw.FWTEST,fw,Food/Water Consumption Name,Variable,FWTEST,8,Y,,,
fw.FWORRES,fw,Result or Findings as Collected,Variable,FWORRES,9,Y,,,
fw.FWORRESU,fw,Unit of the Original Result,Variable,FWORRESU,10,Y,,,
fw.FWSTRESC,fw,Standardized Result in Character Format,Variable,FWSTRESC,11,Y,,,
fw.FWSTRESN,fw,Standardized Result in Numeric Format,Variable,FWSTRESN,12,Y,,,
fw.FWSTRESU,fw,Unit of the Standardized Result,Variable,FWSTRESU,13,Y,,,
fw.FWSTAT,fw,Completion Status,Variable,FWSTAT,14,Y,,,
fw.FWREASND,fw,Reason Not Done,Variable,FWREASND,15,Y,,,
fw.FWEXCLFL,fw,Exclusion Flag,Variable,FWEXCLFL,16,Y,,,
fw.FWREASEX,fw,Reason for Exclusion,Variable,FWREASEX,17,Y,,,
fw.FWDTC,fw,Start Date/Time of Observation,Variable,FWDTC,18,Y,,,
fw.FWENDTC,fw,End Date/Time of Observation,Variable,FWENDTC,19,Y,,,
fw.FWDY,fw,Study Day of Start of Observation,Variable,FWDY,20,Y,,,
fw.FWENDY,fw,Study Day of End of Observation,Variable,FWENDY,21,Y,,,
lb.STUDYID,lb,Study Identifier,Variable,STUDYID,1,Y,,,
lb.DOMAIN,lb,Domain Abbreviation,Variable,DOMAIN,2,Y,,,
lb.USUBJID,lb,Unique Subject Identifier,Variable,USUBJID,3,Y,,,
lb.POOLID,lb,Pool Identifier,Variable,POOLID,4,Y,,,
lb.LBSEQ,lb,Sequence Number,Variable,LBSEQ,5,Y,,,
lb.LBGRPID,lb,Group Identifier,Variable,LBGRPID,6,Y,,,
lb.LBREFID,lb,Specimen Identifier,Variable,LBREFID,7,Y,,,
lb.LBSPID,lb,Sponsor-Defined Identifier,Variable,LBSPID,8,Y,,,
lb.LBTESTCD,lb,Lab Test or Examination Short Name,Variable,LBTESTCD,9,Y,,,
lb.LBTEST,lb,Lab Test or Examination Name,Variable,LBTEST,10,Y,,,
lb.LBCAT,lb,Category for Lab Test,Variable,LBCAT,11,Y,,,
lb.LBSCAT,lb,Subcategory for Lab Test,Variable,LBSCAT,12,Y,,,
lb.LBORRES,lb,Result or Findings as Collected,Variable,LBORRES,13,Y,,,
lb.LBORRESU,lb,Unit of the Original Result,Variable,LBORRESU,14,Y,,,
lb.LBORNRLO,lb,Reference Range Lower Limit-Orig Unit,Variable,LBORNRLO,15,Y,,,
lb.LBORNRHI,lb,Reference Range Upper Limit-Orig Unit,Variable,LBORNRHI,16,Y,,,
lb.LBSTRESC,lb,Standardized Result in Character Format,Variable,LBSTRESC,17,Y,,,
lb.LBSTRESN,lb,Standardized Result in Numeric Format,Variable,LBSTRESN,18,Y,,,
lb.LBSTRESU,lb,Unit of the Standardized Result,Variable,LBSTRESU,19,Y,,,
lb.LBSTNRLO,lb,Reference Range Lower Limit-Std Unit,Variable,LBSTNRLO,20,Y,,,
lb.LBSTNRHI,lb,Reference Range Upper Limit-Std Unit,Variable,LBSTNRHI,21,Y,,,
lb.LBSTNRC,lb,Reference Range for Char Rslt-Std Unit,Variable,LBSTNRC,22,Y,,,
lb.LBNRIND,lb,Reference Range Indicator,Variable,LBNRIND,23,Y,,,
lb.LBSTAT,lb,Completion Status,Variable,LBSTAT,24,Y,,,
lb.LBREASND,lb,Reason Not Done,Variable,LBREASND,25,Y,,,
lb.LBNAM,lb,Laboratory Name,Variable,LBNAM,26,Y,,,
lb.LBSPEC,lb,Specimen Material Type,Variable,LBSPEC,27,Y,,,
lb.LBANTREG,lb,Anatomical Region of Specimen,Variable,LBANTREG,28,Y,,,
lb.LBSPCCND,lb,Specimen Condition,Variable,LBSPCCND,29,Y,,,
lb.LBSPCUFL,lb,Specimen Usability for the Test,Variable,LBSPCUFL,30,Y,,,
lb.LBLOC,lb,Specimen Collection Location,Variable,LBLOC,31,Y,,,
lb.LBLAT,lb,Specimen Laterality within Subject,Variable,LBLAT,32,Y,,,
lb.LBDIR,lb,Specimen Directionality within Subject,Variable,LBDIR,33,Y,,,
lb.LBPORTOT,lb,Portion or Totality,Variable,LBPORTOT,34,Y,,,
lb.LBMETHOD,lb,Method of Test or Examination,Variable,LBMETHOD,35,Y,,,
lb.LBBLFL,lb,Baseline Flag,Variable,LBBLFL,36,Y,,,
lb.LBFAST,lb,Fasting Status,Variable,LBFAST,37,Y,,,
lb.LBDRVFL,lb,Derived Flag,Variable,LBDRVFL,38,Y,,,
lb.LBTOX,lb,Toxicity,Variable,LBTOX,39,Y,,,
lb.LBTOXGR,lb,Standard Toxicity Grade,Variable,LBTOXGR,40,Y,,,
lb.LBEXCLFL,lb,Exclusion Flag,Variable,LBEXCLFL,41,Y,,,
lb.LBREASEX,lb,Reason for Exclusion,Variable,LBREASEX,42,Y,,,
lb.LBUSCHFL,lb,Unscheduled Flag,Variable,LBUSCHFL,43,Y,,,
lb.VISITDY,lb,Planned Study Day of Collection,Variable,VISITDY,44,Y,,,
lb.LBDTC,lb,Date/Time of Specimen Collection,Variable,LBDTC,45,Y,,,
lb.LBENDTC,lb,End Date/Time of Specimen Collection,Variable,LBENDTC,46,Y,,,
lb.LBDY,lb,Study Day of Specimen Collection,Variable,LBDY,47,Y,,,
lb.LBENDY,lb,Study Day of End of Specimen Collection,Variable,LBENDY,48,Y,,,
lb.LBNOMDY,lb,Nominal Study Day for Tabulations,Variable,LBNOMDY,49,Y,,,
lb.LBNOMLBL,lb,Label for Nominal Study Day,Variable,LBNOMLBL,50,Y,,,
lb.LBTPT,lb,Planned Time Point Name,Variable,LBTPT,51,Y,,,
lb.LBTPTNUM,lb,Planned Time Point Number,Variable,LBTPTNUM,52,Y,,,
lb.LBELTM,lb,Planned Elapsed Time from Time Point Ref,Variable,LBELTM,53,Y,,,
lb.LBTPTREF,lb,Time Point Reference,Variable,LBTPTREF,54,Y,,,
lb.LBRFTDTC,lb,Date/Time of Reference Time Point,Variable,LBRFTDTC,55,Y,,,
ma.STUDYID,ma,Study Identifier,Variable,STUDYID,1,Y,,,
ma.DOMAIN,ma,Domain Abbreviation,Variable,DOMAIN,2,Y,,,
ma.USUBJID,ma,Unique Subject Identifier,Variable,USUBJID,3,Y,,,
ma.FOCID,ma,Focus of Study- Specific Interest,Variable,FOCID,4,Y,,,
ma.MASEQ,ma,Sequence Number,Variable,MASEQ,5,Y,,,
ma.MAGRPID,ma,Group Identifier,Variable,MAGRPID,6,Y,,,
ma.MAREFID,ma,Specimen Reference Identifier,Variable,MAREFID,7,Y,,,
ma.MASPID,ma,Mass Identifier,Variable,MASPID,8,Y,,,
ma.MATESTCD,ma,Macroscopic Examination Short Name,Variable,MATESTCD,9,Y,,,
ma.MATEST,ma,Macroscopic Examination Name,Variable,MATEST,10,Y,,,
ma.MABODSYS,ma,Body System or Organ Class,Variable,MABODSYS,11,Y,,,
ma.MAORRES,ma,Result or Findings as Collected,Variable,MAORRES,12,Y,,,
ma.MASTRESC,ma,Standardized Result in Character Format,Variable,MASTRESC,13,Y,,,
ma.MASTAT,ma,Completion Status,Variable,MASTAT,14,Y,,,
ma.MAREASND,ma,Reason Not Done,Variable,MAREASND,15,Y,,,
ma.MANAM,ma,Laboratory Name,Variable,MANAM,16,Y,,,
ma.MASPEC,ma,Specimen Material Type,Variable,MASPEC,17,Y,,,
ma.MAANTREG,ma,Anatomical Region of Specimen,Variable,MAANTREG,18,Y,,,
ma.MASPCCND,ma,Specimen Condition,Variable,MASPCCND,19,Y,,,
ma.MASPCUFL,ma,Specimen Usability for the Test,Variable,MASPCUFL,20,Y,,,
ma.MALAT,ma,Specimen Laterality within Subject,Variable,MALAT,21,Y,,,
ma.MADIR,ma,Specimen Directionality within Subject,Variable,MADIR,22,Y,,,
ma.MAPORTOT,ma,Portion or Totality,Variable,MAPORTOT,23,Y,,,
ma.MAEVAL,ma,Evaluator,Variable,MAEVAL,24,Y,,,
ma.MASEV,ma,Severity,Variable,MASEV,25,Y,,,
ma.MADTHREL,ma,Relationship to Death,Variable,MADTHREL,26,Y,,,
ma.MADTC,ma,Date/Time,Variable,MADTC,27,Y,,,
ma.MADY,ma,Study Day,Variable,MADY,28,Y,,,
mi.STUDYID,mi,Study Identifier,Variable,STUDYID,1,Y,,,
mi.DOMAIN,mi,Domain Abbreviation,Variable,DOMAIN,2,Y,,,
mi.USUBJID,mi,Unique Subject Identifier,Variable,USUBJID,3,Y,,,
mi.FOCID,mi,Focus of Study- Specific Interest,Variable,FOCID,4,Y,,,
mi.MISEQ,mi,Sequence Number,Variable,MISEQ,5,Y,,,
mi.MIGRPID,mi,Group Identifier,Variable,MIGRPID,6,Y,,,
mi.MIREFID,mi,Specimen Reference Identifier,Variable,MIREFID,7,Y,,,
mi.MISPID,mi,Mass Identifier,Variable,MISPID,8,Y,,,
mi.MITESTCD,mi,Microscopic Examination Short Name,Variable,MITESTCD,9,Y,,,
mi.MITEST,mi,Microscopic Examination Name,Variable,MITEST,10,Y,,,
mi.MIBODSYS,mi,Body System or Organ Class,Variable,MIBODSYS,11,Y,,,
mi.MIORRES,mi,Result or Findings as Collected,Variable,MIORRES,12,Y,,,
mi.MISTRESC,mi,Standardized Result in Character Format,Variable,MISTRESC,13,Y,,,
mi.MIRESCAT,mi,Result Category,Variable,MIRESCAT,14,Y,,,
mi.MICHRON,mi,Chronicity of Finding,Variable,MICHRON,15,Y,,,
mi.MIDISTR,mi,Distribution Pattern of Finding,Variable,MIDISTR,16,Y,,,
mi.MISTAT,mi,Completion Status,Variable,MISTAT,17,Y,,,
mi.MIREASND,mi,Reason Not Done,Variable,MIREASND,18,Y,,,
mi.MINAM,mi,Laboratory Name,Variable,MINAM,19,Y,,,
mi.MISPEC,mi,Specimen Material Type,Variable,MISPEC,20,Y,,,
mi.MIANTREG,mi,Anatomical Region of Specimen,Variable,MIANTREG,21,Y,,,
mi.MISPCCND,mi,Specimen Condition,Variable,MISPCCND,22,Y,,,
mi.MISPCUFL,mi,Specimen Usability for the Test,Variable,MISPCUFL,23,Y,,,
mi.MILAT,mi,Specimen Laterality within Subject,Variable,MILAT,24,Y,,,
mi.MIDIR,mi,Specimen Directionality within Subject,Variable,MIDIR,25,Y,,,
mi.MIMETHOD,mi,Method of Test or Examination,Variable,MIMETHOD,26,Y,,,
mi.MIEVAL,mi,Evaluator,Variable,MIEVAL,27,Y,,,
mi.MISEV,mi,Severity,Variable,MISEV,28,Y,,,
mi.MIDTHREL,mi,Relationship to Death,Variable,MIDTHREL,29,Y,,,
mi.MIDTC,mi,Date/Time,Variable,MIDTC,30,Y,,,
mi.MIDY,mi,Study Day,Variable,MIDY,31,Y,,,
om.STUDYID,om,Study Identifier,Variable,STUDYID,1,Y,,,
om.DOMAIN,om,Domain Abbreviation,Variable,DOMAIN,2,Y,,,
om.USUBJID,om,Unique Subject Identifier,Variable,USUBJID,3,Y,,,
om.OMSEQ,om,Sequence Number,Variable,OMSEQ,4,Y,,,
om.OMTESTCD,om,Test Short Name,Variable,OMTESTCD,5,Y,,,
om.OMTEST,om,Test Name,Variable,OMTEST,6,Y,,,
om.OMORRES,om,Result or Findings as Collected,Variable,OMORRES,7,Y,,,
om.OMORRESU,om,Unit of the Original Result,Variable,OMORRESU,8,Y,,,
om.OMSTRESC,om,Standardized Result in Character Format,Variable,OMSTRESC,9,Y,,,
om.OMSTRESN,om,Standardized Result in Numeric Format,Variable,OMSTRESN,10,Y,,,
om.OMSTRESU,om,Unit of the Standardized Result,Variable,OMSTRESU,11,Y,,,
om.OMSTAT,om,Completion Status,Variable,OMSTAT,12,Y,,,
om.OMREASND,om,Reason Not Done,Variable,OMREASND,13,Y,,,
om.OMSPEC,om,Specimen Material Type,Variable,OMSPEC,14,Y,,,
om.OMANTREG,om,Anatomical Region of Specimen,Variable,OMANTREG,15,Y,,,
om.OMSPCCND,om,Specimen Condition,Variable,OMSPCCND,16,Y,,,
om.OMSPCUFL,om,Specimen Usability for the Test,Variable,OMSPCUFL,17,Y,,,
om.OMLAT,om,Specimen Laterality within Subject,Variable,OMLAT,18,Y,,,
om.OMDIR,om,Specimen Directionality within Subject,Variable,OMDIR,19,Y,,,
om.OMPORTOT,om,Portion or Totality,Variable,OMPORTOT,20,Y,,,
om.OMEXCLFL,om,Exclusion Flag,Variable,OMEXCLFL,21,Y,,,
om.OMREASEX,om,Reason for Exclusion,Variable,OMREASEX,22,Y,,,
om.OMDTC,om,Date/Time Organ Measured,Variable,OMDTC,23,Y,,,
om.OMDY,om,Study Day of Measurement,Variable,OMDY,24,Y,,,
om.OMNOMDY,om,Nominal Study Day for Tabulations,Variable,OMNOMDY,25,Y,,,
om.OMNOMLBL,om,Label for Nominal Study Day,Variable,OMNOMLBL,26,Y,,,
pc.STUDYID,pc,Study Identifier,Variable,STUDYID,1,Y,,,
pc.DOMAIN,pc,Domain Abbreviation,Variable,DOMAIN,2,Y,,,
pc.USUBJID,pc,Unique Subject Identifier,Variable,USUBJID,3,Y,,,
pc.POOLID,pc,Pool Identifier,Variable,POOLID,4,Y,,,
pc.PCSEQ,pc,Sequence Number,Variable,PCSEQ,5,Y,,,
pc.PCGRPID,pc,Group Identifier,Variable,PCGRPID,6,Y,,,
pc.PCREFID,pc,Sample Identifier,Variable,PCREFID,7,Y,,,
pc.PCSPID,pc,Sponsor-Defined Identifier,Variable,PCSPID,8,Y,,,
pc.PCTESTCD,pc,Test Short Name,Variable,PCTESTCD,9,Y,,,
pc.PCTEST,pc,Test Name,Variable,PCTEST,10,Y,,,
pc.PCCAT,pc,Test Category,Variable,PCCAT,11,Y,,,
pc.PCSCAT,pc,Test Subcategory,Variable,PCSCAT,12,Y,,,
pc.PCORRES,pc,Result or Findings as Collected,Variable,PCORRES,13,Y,,,
pc.PCORRESU,pc,Unit of the Original Result,Variable,PCORRESU,14,Y,,,
pc.PCSTRESC,pc,Standardized Result in Character Format,Variable,PCSTRESC,15,Y,,,
pc.PCSTRESN,pc,Standardized Result in Numeric Format,Variable,PCSTRESN,16,Y,,,
pc.PCSTRESU,pc,Unit of the Standardized Result,Variable,PCSTRESU,17,Y,,,
pc.PCSTAT,pc,Completion Status,Variable,PCSTAT,18,Y,,,
pc.PCREASND,pc,Reason Not Done,Variable,PCREASND,19,Y,,,
pc.PCNAM,pc,Laboratory Name,Variable,PCNAM,20,Y,,,
pc.PCSPEC,pc,Specimen Material Type,Variable,PCSPEC,21,Y,,,
pc.PCSPCCND,pc,Specimen Condition,Variable,PCSPCCND,22,Y,,,
pc.PCSPCUFL,pc,Specimen Usability for the Test,Variable,PCSPCUFL,23,Y,,,
pc.PCMETHOD,pc,Method of Test or Examination,Variable,PCMETHOD,24,Y,,,
pc.PCBLFL,pc,Baseline Flag,Variable,PCBLFL,25,Y,,,
pc.PCFAST,pc,Fasting Status,Variable,PCFAST,26,Y,,,
pc.PCDRVFL,pc,Derived Flag,Variable,PCDRVFL,27,Y,,,
pc.PCLLOQ,pc,Lower Limit of Quantitation,Variable,PCLLOQ,28,Y,,,
pc.PCEXCLFL,pc,Exclusion Flag,Variable,PCEXCLFL,29,Y,,,
pc.PCREASEX,pc,Reason for Exclusion,Variable,PCREASEX,30,Y,,,
pc.VISITDY,pc,Planned Study Day of Collection,Variable,VISITDY,31,Y,,,
pc.PCDTC,pc,Date/Time of Specimen Collection,Variable,PCDTC,32,Y,,,
pc.PCENDTC,pc,End Date/Time of Specimen Collection,Variable,PCENDTC,33,Y,,,
pc.PCDY,pc,Study Day of Specimen Collection,Variable,PCDY,34,Y,,,
pc.PCENDY,pc,Study Day of End of Specimen Collection,Variable,PCENDY,35,Y,,,
pc.PCNOMDY,pc,Nominal Study Day for Tabulations,Variable,PCNOMDY,36,Y,,,
pc.PCNOMLBL,pc,Label for Nominal Study Day,Variable,PCNOMLBL,37,Y,,,
pc.PCTPT,pc,Planned Time Point Name,Variable,PCTPT,38,Y,,,
pc.PCTPTNUM,pc,Planned Time Point Number,Variable,PCTPTNUM,39,Y,,,
pc.PCELTM,pc,Planned Elapsed Time from Time Point Ref,Variable,PCELTM,40,Y,,,
pc.PCTPTREF,pc,Time Point Reference,Variable,PCTPTREF,41,Y,,,
pc.PCRFTDTC,pc,Date/Time of  Reference Point,Variable,PCRFTDTC,42,Y,,,
pc.PCEVLINT,pc,Evaluation Interval,Variable,PCEVLINT,43,Y,,,
pm.STUDYID,pm,Study Identifier,Variable,STUDYID,1,Y,,,
pm.DOMAIN,pm,Domain Abbreviation,Variable,DOMAIN,2,Y,,,
pm.USUBJID,pm,Unique Subject Identifier,Variable,USUBJID,3,Y,,,
pm.PMSEQ,pm,Sequence Number,Variable,PMSEQ,4,Y,,,
pm.PMGRPID,pm,Group Identifier,Variable,PMGRPID,5,Y,,,
pm.PMSPID,pm,Mass Identifier,Variable,PMSPID,6,Y,,,
pm.PMTESTCD,pm,Test Short Name,Variable,PMTESTCD,7,Y,,,
pm.PMTEST,pm,Test Name,Variable,PMTEST,8,Y,,,
pm.PMORRES,pm,Result or Findings as Collected,Variable,PMORRES,9,Y,,,
pm.PMORRESU,pm,Unit of the Original Result,Variable,PMORRESU,10,Y,,,
pm.PMSTRESC,pm,Standardized Result in Character Format,Variable,PMSTRESC,11,Y,,,
pm.PMSTRESN,pm,Standardized Result in Numeric Format,Variable,PMSTRESN,12,Y,,,
pm.PMSTRESU,pm,Unit of the Standardized Result,Variable,PMSTRESU,13,Y,,,
pm.PMSTAT,pm,Completion Status,Variable,PMSTAT,14,Y,,,
pm.PMREASND,pm,Reason Not Done,Variable,PMREASND,15,Y,,,
pm.PMLOC,pm,Location of a Finding,Variable,PMLOC,16,Y,,,
pm.PMEVAL,pm,Evaluator,Variable,PMEVAL,17,Y,,,
pm.PMUSCHFL,pm,Unscheduled Flag,Variable,PMUSCHFL,18,Y,,,
pm.VISITDY,pm,Planned Study Day of Collection,Variable,VISITDY,19,Y,,,
pm.PMDTC,pm,Date/Time of Observation,Variable,PMDTC,20,Y,,,
pm.PMDY,pm,Study Day of Observation,Variable,PMDY,21,Y,,,
pm.PMNOMDY,pm,Nominal Study Day for Tabulations,Variable,PMNOMDY,22,Y,,,
pm.PMNOMLBL,pm,Label for Nominal Study Day,Variable,PMNOMLBL,23,Y,,,
pooldef.STUDYID,pooldef,Study Identifier,Variable,STUDYID,1,Y,,,
pooldef.POOLID,pooldef,Pool Identifier,Variable,POOLID,2,Y,,,
pooldef.USUBJID,pooldef,Unique Subject Identifier,Variable,USUBJID,3,Y,,,
pp.STUDYID,pp,Study Identifier,Variable,STUDYID,1,Y,,,
pp.DOMAIN,pp,Domain Abbreviation,Variable,DOMAIN,2,Y,,,
pp.USUBJID,pp,Unique Subject Identifier,Variable,USUBJID,3,Y,,,
pp.POOLID,pp,Pool Identifier,Variable,POOLID,4,Y,,,
pp.PPSEQ,pp,Sequence Number,Variable,PPSEQ,5,Y,,,
pp.PPGRPID,pp,Group Identifier,Variable,PPGRPID,6,Y,,,
pp.PPTESTCD,pp,Parameter Short Name,Variable,PPTESTCD,7,Y,,,
pp.PPTEST,pp,Parameter Name,Variable,PPTEST,8,Y,,,
pp.PPCAT,pp,Parameter Category,Variable,PPCAT,9,Y,,,
pp.PPSCAT,pp,Parameter Subcategory,Variable,PPSCAT,10,Y,,,
pp.PPORRES,pp,Result or Findings as Collected,Variable,PPORRES,11,Y,,,
pp.PPORRESU,pp,Unit of the Original Result,Variable,PPORRESU,12,Y,,,
pp.PPSTRESC,pp,Standardized Result in Character Format,Variable,PPSTRESC,13,Y,,,
pp.PPSTRESN,pp,Standardized Result in Numeric Format,Variable,PPSTRESN,14,Y,,,
pp.PPSTRESU,pp,Unit of the Standardized Result,Variable,PPSTRESU,15,Y,,,
pp.PPSTAT,pp,Completion Status,Variable,PPSTAT,16,Y,,,
pp.PPREASND,pp,Reason Not Done,Variable,PPREASND,17,Y,,,
pp.PPSPEC,pp,Specimen Material Type,Variable,PPSPEC,18,Y,,,
pp.VISITDY,pp,Planned Study Day of Collection,Variable,VISITDY,19,Y,,,
pp.PPNOMDY,pp,Nominal Study Day for Tabulations,Variable,PPNOMDY,20,Y,,,
pp.PPNOMLBL,pp,Label for Nominal Study Day,Variable,PPNOMLBL,21,Y,,,
pp.PPTPTREF,pp,Time Point Reference,Variable,PPTPTREF,22,Y,,,
pp.PPRFTDTC,pp,Date/Time of Reference Point,Variable,PPRFTDTC,23,Y,,,
pp.PPSTINT,pp,Start of Assessment Interval,Variable,PPSTINT,24,Y,,,
pp.PPENINT,pp,End of Assessment Interval,Variable,PPENINT,25,Y,,,
re.STUDYID,re,Study Identifier,Variable,STUDYID,1,Y,,,
re.DOMAIN,re,Domain Abbreviation,Variable,DOMAIN,2,Y,,,
re.USUBJID,re,Unique Subject Identifier,Variable,USUBJID,3,Y,,,
re.RESEQ,re,Sequence Number,Variable,RESEQ,4,Y,,,
re.REGRPID,re,Group Identifier,Variable,REGRPID,5,Y,,,
re.RESPID,re,Sponsor-Defined Identifier,Variable,RESPID,6,Y,,,
re.RETESTCD,re,Test Short Name,Variable,RETESTCD,7,Y,,,
re.RETEST,re,Test Name,Variable,RETEST,8,Y,,,
re.REPOS,re,Position of Subject During Test,Variable,REPOS,9,Y,,,
re.REORRES,re,Result or Findings as Collected,Variable,REORRES,10,Y,,,
re.REORRESU,re,Unit of the Original Result,Variable,REORRESU,11,Y,,,
re.RESTRESC,re,Standardized Result in Character Format,Variable,RESTRESC,12,Y,,,
re.RESTRESN,re,Standardized Result in Numeric Format,Variable,RESTRESN,13,Y,,,
re.RESTRESU,re,Unit of the Standardized Result,Variable,RESTRESU,14,Y,,,
re.RESTAT,re,Completion Status,Variable,RESTAT,15,Y,,,
re.REREASND,re,Reason Not Done,Variable,REREASND,16,Y,,,
re.REMETHOD,re,Method of Test,Variable,REMETHOD,17,Y,,,
re.RECSTATE,re,Consciousness State,Variable,RECSTATE,18,Y,,,
re.REBLFL,re,Baseline Flag,Variable,REBLFL,19,Y,,,
re.REDRVFL,re,Derived Flag,Variable,REDRVFL,20,Y,,,
re.REEXCLFL,re,Exclusion Flag,Variable,REEXCLFL,21,Y,,,
re.REREASEX,re,Reason for Exclusion,Variable,REREASEX,22,Y,,,
re.REUSCHFL,re,Unscheduled Flag,Variable,REUSCHFL,23,Y,,,
re.REDTC,re,Date/Time of Respiratory Measurement,Variable,REDTC,24,Y,,,
re.REENDTC,re,End Date/Time of Respiratory Measurement,Variable,REENDTC,25,Y,,,
re.REDY,re,Study Day of Respiratory Measurement,Variable,REDY,26,Y,,,
re.REENDY,re,End Study Day of Respiratory Measurement,Variable,REENDY,27,Y,,,
re.RENOMDY,re,Nominal Study Day for Tabulations,Variable,RENOMDY,28,Y,,,
re.RENOMLBL,re,Label for Nominal Study Day,Variable,RENOMLBL,29,Y,,,
re.RETPT,re,Planned Time Point Name,Variable,RETPT,30,Y,,,
re.RETPTNUM,re,Planned Time Point Number,Variable,RETPTNUM,31,Y,,,
re.REELTM,re,Planned Elapsed Time from Time Point Ref,Variable,REELTM,32,Y,,,
re.RETPTREF,re,Time Point Reference,Variable,RETPTREF,33,Y,,,
re.RERFTDTC,re,Date/Time of Reference Time Point,Variable,RERFTDTC,34,Y,,,
re.REEVLINT,re,Evaluation Interval,Variable,REEVLINT,35,Y,,,
re.RESTINT,re,Planned Start of Assessment Interval,Variable,RESTINT,36,Y,,,
re.REENINT,re,Planned End of Assessment Interval,Variable,REENINT,37,Y,,,
relrec.STUDYID,relrec,Study Identifier,Variable,STUDYID,1,Y,,,
relrec.RDOMAIN,relrec,Related Domain Abbreviation,Variable,RDOMAIN,2,Y,,,
relrec.USUBJID,relrec,Unique Subject Identifier,Variable,USUBJID,3,Y,,,
relrec.POOLID,relrec,Pool Identifier,Variable,POOLID,4,Y,,,
relrec.IDVAR,relrec,Identifying Variable,Variable,IDVAR,5,Y,,,
relrec.IDVARVAL,relrec,Identifying Variable Value,Variable,IDVARVAL,6,Y,,,
relrec.RELTYPE,relrec,Relationship Type,Variable,RELTYPE,7,Y,,,
relrec.RELID,relrec,Relationship Identifier,Variable,RELID,8,Y,,,
sc.STUDYID,sc,Study Identifier,Variable,STUDYID,1,Y,,,
sc.DOMAIN,sc,Domain Abbreviation,Variable,DOMAIN,2,Y,,,
sc.USUBJID,sc,Unique Subject Identifier,Variable,USUBJID,3,Y,,,
sc.SCSEQ,sc,Sequence Number,Variable,SCSEQ,4,Y,,,
sc.SCGRPID,sc,Group Identifier,Variable,SCGRPID,5,Y,,,
sc.SCTESTCD,sc,Subject Characteristic Short Name,Variable,SCTESTCD,6,Y,,,
sc.SCTEST,sc,Subject Characteristic,Variable,SCTEST,7,Y,,,
sc.SCORRES,sc,Result or Findings as Collected,Variable,SCORRES,8,Y,,,
sc.SCORRESU,sc,Unit of the Original Result,Variable,SCORRESU,9,Y,,,
sc.SCSTRESC,sc,Standardized Result in Character Format,Variable,SCSTRESC,10,Y,,,
sc.SCSTRESN,sc,Standardized Result in Numeric Format,Variable,SCSTRESN,11,Y,,,
sc.SCSTRESU,sc,Unit of the Standardized Result,Variable,SCSTRESU,12,Y,,,
sc.SCDTC,sc,Date/Time of Collection,Variable,SCDTC,13,Y,,,
sc.SCDY,sc,Study Day of Collection,Variable,SCDY,14,Y,,,
